<annotation>
	<folder>fig</folder>
	<filename>pic00143.jpg</filename>
	<path>/root/userspace/STUDY/ssd_keras2/train/fig/pic00143.jpg</path>
	<source>
		<database>Unknown</database>
	</source>
	<size>
		<width>300</width>
		<height>300</height>
		<depth>3</depth>
	</size>
	<segmented>0</segmented>
	<object>
		<name>3_Cumulus</name>
		<pose>Unspecified</pose>
		<truncated>1</truncated>
		<difficult>0</difficult>
		<bndbox>
			<xmin>35</xmin>
			<ymin>42</ymin>
			<xmax>300</xmax>
			<ymax>146</ymax>
		</bndbox>
	</object>
	<object>
		<name>3_Cumulus</name>
		<pose>Unspecified</pose>
		<truncated>1</truncated>
		<difficult>0</difficult>
		<bndbox>
			<xmin>137</xmin>
			<ymin>146</ymin>
			<xmax>300</xmax>
			<ymax>239</ymax>
		</bndbox>
	</object>
	<object>
		<name>3_Cumulus</name>
		<pose>Unspecified</pose>
		<truncated>1</truncated>
		<difficult>0</difficult>
		<bndbox>
			<xmin>1</xmin>
			<ymin>155</ymin>
			<xmax>112</xmax>
			<ymax>214</ymax>
		</bndbox>
	</object>
	<object>
		<name>4_Stratocumulus</name>
		<pose>Unspecified</pose>
		<truncated>1</truncated>
		<difficult>0</difficult>
		<bndbox>
			<xmin>1</xmin>
			<ymin>239</ymin>
			<xmax>300</xmax>
			<ymax>264</ymax>
		</bndbox>
	</object>
</annotation>
