<annotation>
	<folder>fig</folder>
	<filename>pic00473.jpg</filename>
	<path>/root/userspace/STUDY/ssd_keras2/train/fig/pic00473.jpg</path>
	<source>
		<database>Unknown</database>
	</source>
	<size>
		<width>300</width>
		<height>300</height>
		<depth>3</depth>
	</size>
	<segmented>0</segmented>
	<object>
		<name>3_Cumulus</name>
		<pose>Unspecified</pose>
		<truncated>1</truncated>
		<difficult>0</difficult>
		<bndbox>
			<xmin>37</xmin>
			<ymin>142</ymin>
			<xmax>300</xmax>
			<ymax>236</ymax>
		</bndbox>
	</object>
	<object>
		<name>3_Cumulus</name>
		<pose>Unspecified</pose>
		<truncated>1</truncated>
		<difficult>0</difficult>
		<bndbox>
			<xmin>1</xmin>
			<ymin>98</ymin>
			<xmax>33</xmax>
			<ymax>138</ymax>
		</bndbox>
	</object>
	<object>
		<name>3_Cumulus</name>
		<pose>Unspecified</pose>
		<truncated>0</truncated>
		<difficult>0</difficult>
		<bndbox>
			<xmin>100</xmin>
			<ymin>253</ymin>
			<xmax>298</xmax>
			<ymax>272</ymax>
		</bndbox>
	</object>
</annotation>
