<annotation>
	<folder>fig</folder>
	<filename>pic00323.jpg</filename>
	<path>/root/userspace/STUDY/ssd_keras2/train/fig/pic00323.jpg</path>
	<source>
		<database>Unknown</database>
	</source>
	<size>
		<width>300</width>
		<height>300</height>
		<depth>3</depth>
	</size>
	<segmented>0</segmented>
	<object>
		<name>3_Cumulus</name>
		<pose>Unspecified</pose>
		<truncated>0</truncated>
		<difficult>0</difficult>
		<bndbox>
			<xmin>146</xmin>
			<ymin>29</ymin>
			<xmax>297</xmax>
			<ymax>128</ymax>
		</bndbox>
	</object>
	<object>
		<name>3_Cumulus</name>
		<pose>Unspecified</pose>
		<truncated>1</truncated>
		<difficult>0</difficult>
		<bndbox>
			<xmin>1</xmin>
			<ymin>146</ymin>
			<xmax>286</xmax>
			<ymax>236</ymax>
		</bndbox>
	</object>
</annotation>
