<annotation>
	<folder>fig</folder>
	<filename>pic00013.jpg</filename>
	<path>/root/userspace/STUDY/ssd_keras2/train/fig/pic00013.jpg</path>
	<source>
		<database>Unknown</database>
	</source>
	<size>
		<width>300</width>
		<height>300</height>
		<depth>3</depth>
	</size>
	<segmented>0</segmented>
	<object>
		<name>3_Cumulus</name>
		<pose>Unspecified</pose>
		<truncated>1</truncated>
		<difficult>0</difficult>
		<bndbox>
			<xmin>20</xmin>
			<ymin>1</ymin>
			<xmax>300</xmax>
			<ymax>166</ymax>
		</bndbox>
	</object>
	<object>
		<name>3_Cumulus</name>
		<pose>Unspecified</pose>
		<truncated>1</truncated>
		<difficult>0</difficult>
		<bndbox>
			<xmin>1</xmin>
			<ymin>139</ymin>
			<xmax>300</xmax>
			<ymax>272</ymax>
		</bndbox>
	</object>
	<object>
		<name>3_Cumulus</name>
		<pose>Unspecified</pose>
		<truncated>1</truncated>
		<difficult>0</difficult>
		<bndbox>
			<xmin>122</xmin>
			<ymin>259</ymin>
			<xmax>269</xmax>
			<ymax>300</ymax>
		</bndbox>
	</object>
</annotation>
