<annotation>
	<folder>fig</folder>
	<filename>pic00223.jpg</filename>
	<path>/root/userspace/STUDY/ssd_keras2/train/fig/pic00223.jpg</path>
	<source>
		<database>Unknown</database>
	</source>
	<size>
		<width>300</width>
		<height>300</height>
		<depth>3</depth>
	</size>
	<segmented>0</segmented>
	<object>
		<name>3_Cumulus</name>
		<pose>Unspecified</pose>
		<truncated>1</truncated>
		<difficult>0</difficult>
		<bndbox>
			<xmin>1</xmin>
			<ymin>1</ymin>
			<xmax>298</xmax>
			<ymax>234</ymax>
		</bndbox>
	</object>
</annotation>
