<annotation>
	<folder>fig</folder>
	<filename>pic00033.jpg</filename>
	<path>/root/userspace/STUDY/ssd_keras2/train/fig/pic00033.jpg</path>
	<source>
		<database>Unknown</database>
	</source>
	<size>
		<width>300</width>
		<height>300</height>
		<depth>3</depth>
	</size>
	<segmented>0</segmented>
	<object>
		<name>3_Cumulus</name>
		<pose>Unspecified</pose>
		<truncated>1</truncated>
		<difficult>0</difficult>
		<bndbox>
			<xmin>1</xmin>
			<ymin>1</ymin>
			<xmax>298</xmax>
			<ymax>150</ymax>
		</bndbox>
	</object>
	<object>
		<name>3_Cumulus</name>
		<pose>Unspecified</pose>
		<truncated>1</truncated>
		<difficult>0</difficult>
		<bndbox>
			<xmin>1</xmin>
			<ymin>143</ymin>
			<xmax>240</xmax>
			<ymax>243</ymax>
		</bndbox>
	</object>
	<object>
		<name>3_Cumulus</name>
		<pose>Unspecified</pose>
		<truncated>1</truncated>
		<difficult>0</difficult>
		<bndbox>
			<xmin>237</xmin>
			<ymin>187</ymin>
			<xmax>300</xmax>
			<ymax>221</ymax>
		</bndbox>
	</object>
	<object>
		<name>4_Stratocumulus</name>
		<pose>Unspecified</pose>
		<truncated>1</truncated>
		<difficult>0</difficult>
		<bndbox>
			<xmin>94</xmin>
			<ymin>214</ymin>
			<xmax>300</xmax>
			<ymax>279</ymax>
		</bndbox>
	</object>
	<object>
		<name>3_Cumulus</name>
		<pose>Unspecified</pose>
		<truncated>1</truncated>
		<difficult>0</difficult>
		<bndbox>
			<xmin>1</xmin>
			<ymin>244</ymin>
			<xmax>91</xmax>
			<ymax>282</ymax>
		</bndbox>
	</object>
</annotation>
