<annotation>
	<folder>fig</folder>
	<filename>pic00390.jpg</filename>
	<path>/root/userspace/STUDY/ssd_keras2/train/fig/pic00390.jpg</path>
	<source>
		<database>Unknown</database>
	</source>
	<size>
		<width>300</width>
		<height>300</height>
		<depth>3</depth>
	</size>
	<segmented>0</segmented>
	<object>
		<name>2_Congestus</name>
		<pose>Unspecified</pose>
		<truncated>0</truncated>
		<difficult>0</difficult>
		<bndbox>
			<xmin>67</xmin>
			<ymin>24</ymin>
			<xmax>263</xmax>
			<ymax>231</ymax>
		</bndbox>
	</object>
	<object>
		<name>2_Congestus</name>
		<pose>Unspecified</pose>
		<truncated>1</truncated>
		<difficult>0</difficult>
		<bndbox>
			<xmin>1</xmin>
			<ymin>12</ymin>
			<xmax>141</xmax>
			<ymax>192</ymax>
		</bndbox>
	</object>
	<object>
		<name>2_Congestus</name>
		<pose>Unspecified</pose>
		<truncated>0</truncated>
		<difficult>0</difficult>
		<bndbox>
			<xmin>264</xmin>
			<ymin>93</ymin>
			<xmax>299</xmax>
			<ymax>231</ymax>
		</bndbox>
	</object>
</annotation>
