<annotation>
	<folder>fig</folder>
	<filename>pic00820.jpg</filename>
	<path>/root/userspace/STUDY/ssd_keras2/train/fig/pic00820.jpg</path>
	<source>
		<database>Unknown</database>
	</source>
	<size>
		<width>300</width>
		<height>300</height>
		<depth>3</depth>
	</size>
	<segmented>0</segmented>
	<object>
		<name>1_Cumulonimbus</name>
		<pose>Unspecified</pose>
		<truncated>0</truncated>
		<difficult>0</difficult>
		<bndbox>
			<xmin>83</xmin>
			<ymin>105</ymin>
			<xmax>182</xmax>
			<ymax>168</ymax>
		</bndbox>
	</object>
	<object>
		<name>2_Congestus</name>
		<pose>Unspecified</pose>
		<truncated>0</truncated>
		<difficult>0</difficult>
		<bndbox>
			<xmin>170</xmin>
			<ymin>138</ymin>
			<xmax>247</xmax>
			<ymax>169</ymax>
		</bndbox>
	</object>
</annotation>
