<annotation>
	<folder>fig</folder>
	<filename>pic00470.jpg</filename>
	<path>/root/userspace/STUDY/ssd_keras2/train/fig/pic00470.jpg</path>
	<source>
		<database>Unknown</database>
	</source>
	<size>
		<width>300</width>
		<height>300</height>
		<depth>3</depth>
	</size>
	<segmented>0</segmented>
	<object>
		<name>2_Congestus</name>
		<pose>Unspecified</pose>
		<truncated>1</truncated>
		<difficult>0</difficult>
		<bndbox>
			<xmin>1</xmin>
			<ymin>8</ymin>
			<xmax>299</xmax>
			<ymax>157</ymax>
		</bndbox>
	</object>
	<object>
		<name>2_Congestus</name>
		<pose>Unspecified</pose>
		<truncated>0</truncated>
		<difficult>0</difficult>
		<bndbox>
			<xmin>187</xmin>
			<ymin>86</ymin>
			<xmax>291</xmax>
			<ymax>206</ymax>
		</bndbox>
	</object>
	<object>
		<name>2_Congestus</name>
		<pose>Unspecified</pose>
		<truncated>1</truncated>
		<difficult>0</difficult>
		<bndbox>
			<xmin>1</xmin>
			<ymin>103</ymin>
			<xmax>186</xmax>
			<ymax>206</ymax>
		</bndbox>
	</object>
</annotation>
