<annotation>
	<folder>fig</folder>
	<filename>pic02810.jpg</filename>
	<path>/root/userspace/STUDY/ssd_keras2/train/fig/pic02810.jpg</path>
	<source>
		<database>Unknown</database>
	</source>
	<size>
		<width>300</width>
		<height>300</height>
		<depth>3</depth>
	</size>
	<segmented>0</segmented>
	<object>
		<name>2_Congestus</name>
		<pose>Unspecified</pose>
		<truncated>0</truncated>
		<difficult>0</difficult>
		<bndbox>
			<xmin>115</xmin>
			<ymin>133</ymin>
			<xmax>264</xmax>
			<ymax>193</ymax>
		</bndbox>
	</object>
	<object>
		<name>2_Congestus</name>
		<pose>Unspecified</pose>
		<truncated>0</truncated>
		<difficult>0</difficult>
		<bndbox>
			<xmin>12</xmin>
			<ymin>133</ymin>
			<xmax>114</xmax>
			<ymax>184</ymax>
		</bndbox>
	</object>
	<object>
		<name>2_Congestus</name>
		<pose>Unspecified</pose>
		<truncated>0</truncated>
		<difficult>0</difficult>
		<bndbox>
			<xmin>272</xmin>
			<ymin>162</ymin>
			<xmax>299</xmax>
			<ymax>194</ymax>
		</bndbox>
	</object>
</annotation>
