<annotation>
	<folder>fig</folder>
	<filename>pic00610.jpg</filename>
	<path>/root/userspace/STUDY/ssd_keras2/train/fig/pic00610.jpg</path>
	<source>
		<database>Unknown</database>
	</source>
	<size>
		<width>300</width>
		<height>300</height>
		<depth>3</depth>
	</size>
	<segmented>0</segmented>
	<object>
		<name>2_Congestus</name>
		<pose>Unspecified</pose>
		<truncated>1</truncated>
		<difficult>0</difficult>
		<bndbox>
			<xmin>26</xmin>
			<ymin>1</ymin>
			<xmax>235</xmax>
			<ymax>221</ymax>
		</bndbox>
	</object>
	<object>
		<name>2_Congestus</name>
		<pose>Unspecified</pose>
		<truncated>0</truncated>
		<difficult>0</difficult>
		<bndbox>
			<xmin>176</xmin>
			<ymin>149</ymin>
			<xmax>299</xmax>
			<ymax>273</ymax>
		</bndbox>
	</object>
</annotation>
