<annotation>
	<folder>fig</folder>
	<filename>pic01690.jpg</filename>
	<path>/root/userspace/STUDY/ssd_keras2/train/fig/pic01690.jpg</path>
	<source>
		<database>Unknown</database>
	</source>
	<size>
		<width>300</width>
		<height>300</height>
		<depth>3</depth>
	</size>
	<segmented>0</segmented>
	<object>
		<name>2_Congestus</name>
		<pose>Unspecified</pose>
		<truncated>0</truncated>
		<difficult>0</difficult>
		<bndbox>
			<xmin>44</xmin>
			<ymin>32</ymin>
			<xmax>252</xmax>
			<ymax>272</ymax>
		</bndbox>
	</object>
</annotation>
