<annotation>
	<folder>fig</folder>
	<filename>pic02250.jpg</filename>
	<path>/root/userspace/STUDY/ssd_keras2/train/fig/pic02250.jpg</path>
	<source>
		<database>Unknown</database>
	</source>
	<size>
		<width>300</width>
		<height>300</height>
		<depth>3</depth>
	</size>
	<segmented>0</segmented>
	<object>
		<name>1_Cumulonimbus</name>
		<pose>Unspecified</pose>
		<truncated>0</truncated>
		<difficult>0</difficult>
		<bndbox>
			<xmin>14</xmin>
			<ymin>75</ymin>
			<xmax>215</xmax>
			<ymax>200</ymax>
		</bndbox>
	</object>
	<object>
		<name>2_Congestus</name>
		<pose>Unspecified</pose>
		<truncated>0</truncated>
		<difficult>0</difficult>
		<bndbox>
			<xmin>111</xmin>
			<ymin>151</ymin>
			<xmax>202</xmax>
			<ymax>187</ymax>
		</bndbox>
	</object>
	<object>
		<name>1_Cumulonimbus</name>
		<pose>Unspecified</pose>
		<truncated>1</truncated>
		<difficult>0</difficult>
		<bndbox>
			<xmin>257</xmin>
			<ymin>118</ymin>
			<xmax>300</xmax>
			<ymax>233</ymax>
		</bndbox>
	</object>
</annotation>
