<annotation>
	<folder>fig</folder>
	<filename>pic00860.jpg</filename>
	<path>/root/userspace/STUDY/ssd_keras2/train/fig/pic00860.jpg</path>
	<source>
		<database>Unknown</database>
	</source>
	<size>
		<width>300</width>
		<height>300</height>
		<depth>3</depth>
	</size>
	<segmented>0</segmented>
	<object>
		<name>2_Congestus</name>
		<pose>Unspecified</pose>
		<truncated>0</truncated>
		<difficult>0</difficult>
		<bndbox>
			<xmin>7</xmin>
			<ymin>38</ymin>
			<xmax>134</xmax>
			<ymax>186</ymax>
		</bndbox>
	</object>
	<object>
		<name>2_Congestus</name>
		<pose>Unspecified</pose>
		<truncated>0</truncated>
		<difficult>0</difficult>
		<bndbox>
			<xmin>191</xmin>
			<ymin>56</ymin>
			<xmax>292</xmax>
			<ymax>186</ymax>
		</bndbox>
	</object>
</annotation>
