<annotation>
	<folder>fig</folder>
	<filename>pic02600.jpg</filename>
	<path>/root/userspace/STUDY/ssd_keras2/train/fig/pic02600.jpg</path>
	<source>
		<database>Unknown</database>
	</source>
	<size>
		<width>300</width>
		<height>300</height>
		<depth>3</depth>
	</size>
	<segmented>0</segmented>
	<object>
		<name>2_Congestus</name>
		<pose>Unspecified</pose>
		<truncated>0</truncated>
		<difficult>0</difficult>
		<bndbox>
			<xmin>204</xmin>
			<ymin>131</ymin>
			<xmax>273</xmax>
			<ymax>219</ymax>
		</bndbox>
	</object>
	<object>
		<name>2_Congestus</name>
		<pose>Unspecified</pose>
		<truncated>0</truncated>
		<difficult>0</difficult>
		<bndbox>
			<xmin>142</xmin>
			<ymin>180</ymin>
			<xmax>195</xmax>
			<ymax>220</ymax>
		</bndbox>
	</object>
	<object>
		<name>2_Congestus</name>
		<pose>Unspecified</pose>
		<truncated>0</truncated>
		<difficult>0</difficult>
		<bndbox>
			<xmin>77</xmin>
			<ymin>187</ymin>
			<xmax>105</xmax>
			<ymax>220</ymax>
		</bndbox>
	</object>
</annotation>
