<annotation>
	<folder>fig</folder>
	<filename>pic00420.jpg</filename>
	<path>/root/userspace/STUDY/ssd_keras2/train/fig/pic00420.jpg</path>
	<source>
		<database>Unknown</database>
	</source>
	<size>
		<width>300</width>
		<height>300</height>
		<depth>3</depth>
	</size>
	<segmented>0</segmented>
	<object>
		<name>2_Congestus</name>
		<pose>Unspecified</pose>
		<truncated>0</truncated>
		<difficult>0</difficult>
		<bndbox>
			<xmin>106</xmin>
			<ymin>30</ymin>
			<xmax>299</xmax>
			<ymax>197</ymax>
		</bndbox>
	</object>
	<object>
		<name>2_Congestus</name>
		<pose>Unspecified</pose>
		<truncated>1</truncated>
		<difficult>0</difficult>
		<bndbox>
			<xmin>1</xmin>
			<ymin>35</ymin>
			<xmax>147</xmax>
			<ymax>203</ymax>
		</bndbox>
	</object>
</annotation>
