<annotation>
	<folder>fig</folder>
	<filename>pic01970.jpg</filename>
	<path>/root/userspace/STUDY/ssd_keras2/train/fig/pic01970.jpg</path>
	<source>
		<database>Unknown</database>
	</source>
	<size>
		<width>300</width>
		<height>300</height>
		<depth>3</depth>
	</size>
	<segmented>0</segmented>
	<object>
		<name>2_Congestus</name>
		<pose>Unspecified</pose>
		<truncated>0</truncated>
		<difficult>0</difficult>
		<bndbox>
			<xmin>5</xmin>
			<ymin>103</ymin>
			<xmax>156</xmax>
			<ymax>248</ymax>
		</bndbox>
	</object>
	<object>
		<name>2_Congestus</name>
		<pose>Unspecified</pose>
		<truncated>1</truncated>
		<difficult>0</difficult>
		<bndbox>
			<xmin>157</xmin>
			<ymin>121</ymin>
			<xmax>300</xmax>
			<ymax>243</ymax>
		</bndbox>
	</object>
</annotation>
