<annotation>
	<folder>fig</folder>
	<filename>pic02650.jpg</filename>
	<path>/root/userspace/STUDY/ssd_keras2/train/fig/pic02650.jpg</path>
	<source>
		<database>Unknown</database>
	</source>
	<size>
		<width>300</width>
		<height>300</height>
		<depth>3</depth>
	</size>
	<segmented>0</segmented>
	<object>
		<name>2_Congestus</name>
		<pose>Unspecified</pose>
		<truncated>0</truncated>
		<difficult>0</difficult>
		<bndbox>
			<xmin>77</xmin>
			<ymin>147</ymin>
			<xmax>224</xmax>
			<ymax>228</ymax>
		</bndbox>
	</object>
	<object>
		<name>2_Congestus</name>
		<pose>Unspecified</pose>
		<truncated>0</truncated>
		<difficult>0</difficult>
		<bndbox>
			<xmin>32</xmin>
			<ymin>184</ymin>
			<xmax>77</xmax>
			<ymax>225</ymax>
		</bndbox>
	</object>
</annotation>
