<annotation>
	<folder>fig</folder>
	<filename>pic00660.jpg</filename>
	<path>/root/userspace/STUDY/ssd_keras2/train/fig/pic00660.jpg</path>
	<source>
		<database>Unknown</database>
	</source>
	<size>
		<width>300</width>
		<height>300</height>
		<depth>3</depth>
	</size>
	<segmented>0</segmented>
	<object>
		<name>2_Congestus</name>
		<pose>Unspecified</pose>
		<truncated>0</truncated>
		<difficult>0</difficult>
		<bndbox>
			<xmin>46</xmin>
			<ymin>47</ymin>
			<xmax>207</xmax>
			<ymax>216</ymax>
		</bndbox>
	</object>
	<object>
		<name>1_Cumulonimbus</name>
		<pose>Unspecified</pose>
		<truncated>0</truncated>
		<difficult>0</difficult>
		<bndbox>
			<xmin>27</xmin>
			<ymin>25</ymin>
			<xmax>280</xmax>
			<ymax>216</ymax>
		</bndbox>
	</object>
</annotation>
