<annotation>
	<folder>fig</folder>
	<filename>pic00230.jpg</filename>
	<path>/root/userspace/STUDY/ssd_keras2/train/fig/pic00230.jpg</path>
	<source>
		<database>Unknown</database>
	</source>
	<size>
		<width>300</width>
		<height>300</height>
		<depth>3</depth>
	</size>
	<segmented>0</segmented>
	<object>
		<name>2_Congestus</name>
		<pose>Unspecified</pose>
		<truncated>0</truncated>
		<difficult>0</difficult>
		<bndbox>
			<xmin>46</xmin>
			<ymin>86</ymin>
			<xmax>166</xmax>
			<ymax>277</ymax>
		</bndbox>
	</object>
	<object>
		<name>2_Congestus</name>
		<pose>Unspecified</pose>
		<truncated>0</truncated>
		<difficult>0</difficult>
		<bndbox>
			<xmin>166</xmin>
			<ymin>106</ymin>
			<xmax>266</xmax>
			<ymax>278</ymax>
		</bndbox>
	</object>
	<object>
		<name>2_Congestus</name>
		<pose>Unspecified</pose>
		<truncated>1</truncated>
		<difficult>0</difficult>
		<bndbox>
			<xmin>236</xmin>
			<ymin>46</ymin>
			<xmax>300</xmax>
			<ymax>200</ymax>
		</bndbox>
	</object>
</annotation>
