<annotation>
	<folder>fig</folder>
	<filename>pic00710.jpg</filename>
	<path>/root/userspace/STUDY/ssd_keras2/train/fig/pic00710.jpg</path>
	<source>
		<database>Unknown</database>
	</source>
	<size>
		<width>300</width>
		<height>300</height>
		<depth>3</depth>
	</size>
	<segmented>0</segmented>
	<object>
		<name>1_Cumulonimbus</name>
		<pose>Unspecified</pose>
		<truncated>1</truncated>
		<difficult>0</difficult>
		<bndbox>
			<xmin>1</xmin>
			<ymin>24</ymin>
			<xmax>295</xmax>
			<ymax>235</ymax>
		</bndbox>
	</object>
	<object>
		<name>2_Congestus</name>
		<pose>Unspecified</pose>
		<truncated>0</truncated>
		<difficult>0</difficult>
		<bndbox>
			<xmin>85</xmin>
			<ymin>184</ymin>
			<xmax>259</xmax>
			<ymax>239</ymax>
		</bndbox>
	</object>
</annotation>
