<annotation>
	<folder>fig</folder>
	<filename>pic00090.jpg</filename>
	<path>/root/userspace/STUDY/ssd_keras2/train/fig/pic00090.jpg</path>
	<source>
		<database>Unknown</database>
	</source>
	<size>
		<width>300</width>
		<height>300</height>
		<depth>3</depth>
	</size>
	<segmented>0</segmented>
	<object>
		<name>1_Cumulonimbus</name>
		<pose>Unspecified</pose>
		<truncated>0</truncated>
		<difficult>0</difficult>
		<bndbox>
			<xmin>45</xmin>
			<ymin>34</ymin>
			<xmax>221</xmax>
			<ymax>260</ymax>
		</bndbox>
	</object>
	<object>
		<name>2_Congestus</name>
		<pose>Unspecified</pose>
		<truncated>0</truncated>
		<difficult>0</difficult>
		<bndbox>
			<xmin>156</xmin>
			<ymin>112</ymin>
			<xmax>262</xmax>
			<ymax>255</ymax>
		</bndbox>
	</object>
	<object>
		<name>2_Congestus</name>
		<pose>Unspecified</pose>
		<truncated>1</truncated>
		<difficult>0</difficult>
		<bndbox>
			<xmin>1</xmin>
			<ymin>128</ymin>
			<xmax>91</xmax>
			<ymax>268</ymax>
		</bndbox>
	</object>
</annotation>
