<annotation>
	<folder>fig</folder>
	<filename>pic00150.jpg</filename>
	<path>/root/userspace/STUDY/ssd_keras2/train/fig/pic00150.jpg</path>
	<source>
		<database>Unknown</database>
	</source>
	<size>
		<width>300</width>
		<height>300</height>
		<depth>3</depth>
	</size>
	<segmented>0</segmented>
	<object>
		<name>1_Cumulonimbus</name>
		<pose>Unspecified</pose>
		<truncated>1</truncated>
		<difficult>0</difficult>
		<bndbox>
			<xmin>9</xmin>
			<ymin>9</ymin>
			<xmax>300</xmax>
			<ymax>185</ymax>
		</bndbox>
	</object>
	<object>
		<name>2_Congestus</name>
		<pose>Unspecified</pose>
		<truncated>0</truncated>
		<difficult>0</difficult>
		<bndbox>
			<xmin>51</xmin>
			<ymin>86</ymin>
			<xmax>259</xmax>
			<ymax>241</ymax>
		</bndbox>
	</object>
</annotation>
