<annotation>
	<folder>fig</folder>
	<filename>pic02510.jpg</filename>
	<path>/root/userspace/STUDY/ssd_keras2/train/fig/pic02510.jpg</path>
	<source>
		<database>Unknown</database>
	</source>
	<size>
		<width>300</width>
		<height>300</height>
		<depth>3</depth>
	</size>
	<segmented>0</segmented>
	<object>
		<name>2_Congestus</name>
		<pose>Unspecified</pose>
		<truncated>0</truncated>
		<difficult>0</difficult>
		<bndbox>
			<xmin>157</xmin>
			<ymin>6</ymin>
			<xmax>293</xmax>
			<ymax>204</ymax>
		</bndbox>
	</object>
	<object>
		<name>2_Congestus</name>
		<pose>Unspecified</pose>
		<truncated>1</truncated>
		<difficult>0</difficult>
		<bndbox>
			<xmin>1</xmin>
			<ymin>19</ymin>
			<xmax>142</xmax>
			<ymax>208</ymax>
		</bndbox>
	</object>
</annotation>
