<annotation>
	<folder>fig</folder>
	<filename>pic02770.jpg</filename>
	<path>/root/userspace/STUDY/ssd_keras2/train/fig/pic02770.jpg</path>
	<source>
		<database>Unknown</database>
	</source>
	<size>
		<width>300</width>
		<height>300</height>
		<depth>3</depth>
	</size>
	<segmented>0</segmented>
	<object>
		<name>2_Congestus</name>
		<pose>Unspecified</pose>
		<truncated>0</truncated>
		<difficult>0</difficult>
		<bndbox>
			<xmin>50</xmin>
			<ymin>36</ymin>
			<xmax>185</xmax>
			<ymax>201</ymax>
		</bndbox>
	</object>
	<object>
		<name>2_Congestus</name>
		<pose>Unspecified</pose>
		<truncated>0</truncated>
		<difficult>0</difficult>
		<bndbox>
			<xmin>183</xmin>
			<ymin>98</ymin>
			<xmax>293</xmax>
			<ymax>203</ymax>
		</bndbox>
	</object>
</annotation>
