<annotation>
	<folder>fig</folder>
	<filename>pic01590.jpg</filename>
	<path>/root/userspace/STUDY/ssd_keras2/train/fig/pic01590.jpg</path>
	<source>
		<database>Unknown</database>
	</source>
	<size>
		<width>300</width>
		<height>300</height>
		<depth>3</depth>
	</size>
	<segmented>0</segmented>
	<object>
		<name>1_Cumulonimbus</name>
		<pose>Unspecified</pose>
		<truncated>0</truncated>
		<difficult>0</difficult>
		<bndbox>
			<xmin>80</xmin>
			<ymin>70</ymin>
			<xmax>202</xmax>
			<ymax>233</ymax>
		</bndbox>
	</object>
	<object>
		<name>2_Congestus</name>
		<pose>Unspecified</pose>
		<truncated>0</truncated>
		<difficult>0</difficult>
		<bndbox>
			<xmin>16</xmin>
			<ymin>85</ymin>
			<xmax>75</xmax>
			<ymax>224</ymax>
		</bndbox>
	</object>
	<object>
		<name>2_Congestus</name>
		<pose>Unspecified</pose>
		<truncated>0</truncated>
		<difficult>0</difficult>
		<bndbox>
			<xmin>113</xmin>
			<ymin>101</ymin>
			<xmax>298</xmax>
			<ymax>230</ymax>
		</bndbox>
	</object>
</annotation>
