<annotation>
	<folder>fig</folder>
	<filename>pic01510.jpg</filename>
	<path>/root/userspace/STUDY/ssd_keras2/train/fig/pic01510.jpg</path>
	<source>
		<database>Unknown</database>
	</source>
	<size>
		<width>300</width>
		<height>300</height>
		<depth>3</depth>
	</size>
	<segmented>0</segmented>
	<object>
		<name>1_Cumulonimbus</name>
		<pose>Unspecified</pose>
		<truncated>1</truncated>
		<difficult>0</difficult>
		<bndbox>
			<xmin>1</xmin>
			<ymin>74</ymin>
			<xmax>294</xmax>
			<ymax>227</ymax>
		</bndbox>
	</object>
</annotation>
