<annotation>
	<folder>fig</folder>
	<filename>pic02840.jpg</filename>
	<path>/root/userspace/STUDY/ssd_keras2/train/fig/pic02840.jpg</path>
	<source>
		<database>Unknown</database>
	</source>
	<size>
		<width>300</width>
		<height>300</height>
		<depth>3</depth>
	</size>
	<segmented>0</segmented>
	<object>
		<name>1_Cumulonimbus</name>
		<pose>Unspecified</pose>
		<truncated>0</truncated>
		<difficult>0</difficult>
		<bndbox>
			<xmin>21</xmin>
			<ymin>89</ymin>
			<xmax>271</xmax>
			<ymax>249</ymax>
		</bndbox>
	</object>
	<object>
		<name>2_Congestus</name>
		<pose>Unspecified</pose>
		<truncated>1</truncated>
		<difficult>0</difficult>
		<bndbox>
			<xmin>144</xmin>
			<ymin>168</ymin>
			<xmax>300</xmax>
			<ymax>239</ymax>
		</bndbox>
	</object>
</annotation>
