<annotation>
	<folder>fig</folder>
	<filename>pic02540.jpg</filename>
	<path>/root/userspace/STUDY/ssd_keras2/train/fig/pic02540.jpg</path>
	<source>
		<database>Unknown</database>
	</source>
	<size>
		<width>300</width>
		<height>300</height>
		<depth>3</depth>
	</size>
	<segmented>0</segmented>
	<object>
		<name>2_Congestus</name>
		<pose>Unspecified</pose>
		<truncated>0</truncated>
		<difficult>0</difficult>
		<bndbox>
			<xmin>199</xmin>
			<ymin>109</ymin>
			<xmax>248</xmax>
			<ymax>187</ymax>
		</bndbox>
	</object>
	<object>
		<name>2_Congestus</name>
		<pose>Unspecified</pose>
		<truncated>0</truncated>
		<difficult>0</difficult>
		<bndbox>
			<xmin>100</xmin>
			<ymin>100</ymin>
			<xmax>189</xmax>
			<ymax>164</ymax>
		</bndbox>
	</object>
	<object>
		<name>2_Congestus</name>
		<pose>Unspecified</pose>
		<truncated>1</truncated>
		<difficult>0</difficult>
		<bndbox>
			<xmin>1</xmin>
			<ymin>107</ymin>
			<xmax>100</xmax>
			<ymax>208</ymax>
		</bndbox>
	</object>
</annotation>
