<annotation>
	<folder>fig</folder>
	<filename>pic00970.jpg</filename>
	<path>/root/userspace/STUDY/ssd_keras2/train/fig/pic00970.jpg</path>
	<source>
		<database>Unknown</database>
	</source>
	<size>
		<width>300</width>
		<height>300</height>
		<depth>3</depth>
	</size>
	<segmented>0</segmented>
	<object>
		<name>1_Cumulonimbus</name>
		<pose>Unspecified</pose>
		<truncated>1</truncated>
		<difficult>0</difficult>
		<bndbox>
			<xmin>5</xmin>
			<ymin>7</ymin>
			<xmax>300</xmax>
			<ymax>269</ymax>
		</bndbox>
	</object>
	<object>
		<name>1_Cumulonimbus</name>
		<pose>Unspecified</pose>
		<truncated>0</truncated>
		<difficult>0</difficult>
		<bndbox>
			<xmin>4</xmin>
			<ymin>177</ymin>
			<xmax>118</xmax>
			<ymax>253</ymax>
		</bndbox>
	</object>
	<object>
		<name>2_Congestus</name>
		<pose>Unspecified</pose>
		<truncated>1</truncated>
		<difficult>0</difficult>
		<bndbox>
			<xmin>152</xmin>
			<ymin>146</ymin>
			<xmax>300</xmax>
			<ymax>268</ymax>
		</bndbox>
	</object>
</annotation>
