<annotation>
	<folder>fig</folder>
	<filename>pic00780.jpg</filename>
	<path>/root/userspace/STUDY/ssd_keras2/train/fig/pic00780.jpg</path>
	<source>
		<database>Unknown</database>
	</source>
	<size>
		<width>300</width>
		<height>300</height>
		<depth>3</depth>
	</size>
	<segmented>0</segmented>
	<object>
		<name>1_Cumulonimbus</name>
		<pose>Unspecified</pose>
		<truncated>0</truncated>
		<difficult>0</difficult>
		<bndbox>
			<xmin>107</xmin>
			<ymin>83</ymin>
			<xmax>282</xmax>
			<ymax>227</ymax>
		</bndbox>
	</object>
	<object>
		<name>1_Cumulonimbus</name>
		<pose>Unspecified</pose>
		<truncated>1</truncated>
		<difficult>0</difficult>
		<bndbox>
			<xmin>1</xmin>
			<ymin>79</ymin>
			<xmax>63</xmax>
			<ymax>196</ymax>
		</bndbox>
	</object>
	<object>
		<name>2_Congestus</name>
		<pose>Unspecified</pose>
		<truncated>1</truncated>
		<difficult>0</difficult>
		<bndbox>
			<xmin>169</xmin>
			<ymin>147</ymin>
			<xmax>300</xmax>
			<ymax>226</ymax>
		</bndbox>
	</object>
</annotation>
