<annotation>
	<folder>fig</folder>
	<filename>pic01190.jpg</filename>
	<path>/root/userspace/STUDY/ssd_keras2/train/fig/pic01190.jpg</path>
	<source>
		<database>Unknown</database>
	</source>
	<size>
		<width>300</width>
		<height>300</height>
		<depth>1</depth>
	</size>
	<segmented>0</segmented>
	<object>
		<name>2_Congestus</name>
		<pose>Unspecified</pose>
		<truncated>0</truncated>
		<difficult>0</difficult>
		<bndbox>
			<xmin>35</xmin>
			<ymin>19</ymin>
			<xmax>259</xmax>
			<ymax>284</ymax>
		</bndbox>
	</object>
</annotation>
