<annotation>
	<folder>fig</folder>
	<filename>pic02780.jpg</filename>
	<path>/root/userspace/STUDY/ssd_keras2/train/fig/pic02780.jpg</path>
	<source>
		<database>Unknown</database>
	</source>
	<size>
		<width>300</width>
		<height>300</height>
		<depth>3</depth>
	</size>
	<segmented>0</segmented>
	<object>
		<name>2_Congestus</name>
		<pose>Unspecified</pose>
		<truncated>1</truncated>
		<difficult>0</difficult>
		<bndbox>
			<xmin>1</xmin>
			<ymin>89</ymin>
			<xmax>147</xmax>
			<ymax>240</ymax>
		</bndbox>
	</object>
	<object>
		<name>2_Congestus</name>
		<pose>Unspecified</pose>
		<truncated>1</truncated>
		<difficult>0</difficult>
		<bndbox>
			<xmin>174</xmin>
			<ymin>167</ymin>
			<xmax>300</xmax>
			<ymax>229</ymax>
		</bndbox>
	</object>
</annotation>
