<annotation>
	<folder>fig</folder>
	<filename>pic01910.jpg</filename>
	<path>/root/userspace/STUDY/ssd_keras2/train/fig/pic01910.jpg</path>
	<source>
		<database>Unknown</database>
	</source>
	<size>
		<width>300</width>
		<height>300</height>
		<depth>3</depth>
	</size>
	<segmented>0</segmented>
	<object>
		<name>2_Congestus</name>
		<pose>Unspecified</pose>
		<truncated>1</truncated>
		<difficult>0</difficult>
		<bndbox>
			<xmin>164</xmin>
			<ymin>1</ymin>
			<xmax>232</xmax>
			<ymax>185</ymax>
		</bndbox>
	</object>
	<object>
		<name>2_Congestus</name>
		<pose>Unspecified</pose>
		<truncated>1</truncated>
		<difficult>0</difficult>
		<bndbox>
			<xmin>211</xmin>
			<ymin>1</ymin>
			<xmax>299</xmax>
			<ymax>182</ymax>
		</bndbox>
	</object>
	<object>
		<name>2_Congestus</name>
		<pose>Unspecified</pose>
		<truncated>0</truncated>
		<difficult>0</difficult>
		<bndbox>
			<xmin>73</xmin>
			<ymin>38</ymin>
			<xmax>181</xmax>
			<ymax>171</ymax>
		</bndbox>
	</object>
</annotation>
