<annotation>
	<folder>fig</folder>
	<filename>pic00740.jpg</filename>
	<path>/root/userspace/STUDY/ssd_keras2/train/fig/pic00740.jpg</path>
	<source>
		<database>Unknown</database>
	</source>
	<size>
		<width>300</width>
		<height>300</height>
		<depth>3</depth>
	</size>
	<segmented>0</segmented>
	<object>
		<name>2_Congestus</name>
		<pose>Unspecified</pose>
		<truncated>0</truncated>
		<difficult>0</difficult>
		<bndbox>
			<xmin>32</xmin>
			<ymin>31</ymin>
			<xmax>183</xmax>
			<ymax>201</ymax>
		</bndbox>
	</object>
	<object>
		<name>2_Congestus</name>
		<pose>Unspecified</pose>
		<truncated>1</truncated>
		<difficult>0</difficult>
		<bndbox>
			<xmin>179</xmin>
			<ymin>64</ymin>
			<xmax>300</xmax>
			<ymax>204</ymax>
		</bndbox>
	</object>
</annotation>
