<annotation>
	<folder>fig</folder>
	<filename>pic02090.jpg</filename>
	<path>/root/userspace/STUDY/ssd_keras2/train/fig/pic02090.jpg</path>
	<source>
		<database>Unknown</database>
	</source>
	<size>
		<width>300</width>
		<height>300</height>
		<depth>3</depth>
	</size>
	<segmented>0</segmented>
	<object>
		<name>2_Congestus</name>
		<pose>Unspecified</pose>
		<truncated>0</truncated>
		<difficult>0</difficult>
		<bndbox>
			<xmin>79</xmin>
			<ymin>22</ymin>
			<xmax>225</xmax>
			<ymax>193</ymax>
		</bndbox>
	</object>
</annotation>
