<annotation>
	<folder>fig</folder>
	<filename>pic02450.jpg</filename>
	<path>/root/userspace/STUDY/ssd_keras2/train/fig/pic02450.jpg</path>
	<source>
		<database>Unknown</database>
	</source>
	<size>
		<width>300</width>
		<height>300</height>
		<depth>3</depth>
	</size>
	<segmented>0</segmented>
	<object>
		<name>2_Congestus</name>
		<pose>Unspecified</pose>
		<truncated>1</truncated>
		<difficult>0</difficult>
		<bndbox>
			<xmin>145</xmin>
			<ymin>116</ymin>
			<xmax>300</xmax>
			<ymax>236</ymax>
		</bndbox>
	</object>
	<object>
		<name>2_Congestus</name>
		<pose>Unspecified</pose>
		<truncated>1</truncated>
		<difficult>0</difficult>
		<bndbox>
			<xmin>1</xmin>
			<ymin>139</ymin>
			<xmax>145</xmax>
			<ymax>237</ymax>
		</bndbox>
	</object>
</annotation>
