<annotation>
	<folder>fig</folder>
	<filename>pic00110.jpg</filename>
	<path>/root/userspace/STUDY/ssd_keras2/train/fig/pic00110.jpg</path>
	<source>
		<database>Unknown</database>
	</source>
	<size>
		<width>300</width>
		<height>300</height>
		<depth>3</depth>
	</size>
	<segmented>0</segmented>
	<object>
		<name>1_Cumulonimbus</name>
		<pose>Unspecified</pose>
		<truncated>0</truncated>
		<difficult>0</difficult>
		<bndbox>
			<xmin>48</xmin>
			<ymin>36</ymin>
			<xmax>253</xmax>
			<ymax>210</ymax>
		</bndbox>
	</object>
	<object>
		<name>2_Congestus</name>
		<pose>Unspecified</pose>
		<truncated>1</truncated>
		<difficult>0</difficult>
		<bndbox>
			<xmin>236</xmin>
			<ymin>138</ymin>
			<xmax>300</xmax>
			<ymax>221</ymax>
		</bndbox>
	</object>
</annotation>
