<annotation>
	<folder>fig</folder>
	<filename>pic02410.jpg</filename>
	<path>/root/userspace/STUDY/ssd_keras2/train/fig/pic02410.jpg</path>
	<source>
		<database>Unknown</database>
	</source>
	<size>
		<width>300</width>
		<height>300</height>
		<depth>3</depth>
	</size>
	<segmented>0</segmented>
	<object>
		<name>1_Cumulonimbus</name>
		<pose>Unspecified</pose>
		<truncated>0</truncated>
		<difficult>0</difficult>
		<bndbox>
			<xmin>108</xmin>
			<ymin>49</ymin>
			<xmax>251</xmax>
			<ymax>139</ymax>
		</bndbox>
	</object>
	<object>
		<name>2_Congestus</name>
		<pose>Unspecified</pose>
		<truncated>0</truncated>
		<difficult>0</difficult>
		<bndbox>
			<xmin>184</xmin>
			<ymin>70</ymin>
			<xmax>298</xmax>
			<ymax>134</ymax>
		</bndbox>
	</object>
</annotation>
