<annotation>
	<folder>fig</folder>
	<filename>pic00030.jpg</filename>
	<path>/root/userspace/STUDY/ssd_keras2/train/fig/pic00030.jpg</path>
	<source>
		<database>Unknown</database>
	</source>
	<size>
		<width>300</width>
		<height>300</height>
		<depth>3</depth>
	</size>
	<segmented>0</segmented>
	<object>
		<name>2_Congestus</name>
		<pose>Unspecified</pose>
		<truncated>0</truncated>
		<difficult>0</difficult>
		<bndbox>
			<xmin>123</xmin>
			<ymin>108</ymin>
			<xmax>191</xmax>
			<ymax>224</ymax>
		</bndbox>
	</object>
	<object>
		<name>2_Congestus</name>
		<pose>Unspecified</pose>
		<truncated>0</truncated>
		<difficult>0</difficult>
		<bndbox>
			<xmin>60</xmin>
			<ymin>153</ymin>
			<xmax>185</xmax>
			<ymax>218</ymax>
		</bndbox>
	</object>
</annotation>
