<annotation>
	<folder>fig</folder>
	<filename>pic00650.jpg</filename>
	<path>/root/userspace/STUDY/ssd_keras2/train/fig/pic00650.jpg</path>
	<source>
		<database>Unknown</database>
	</source>
	<size>
		<width>300</width>
		<height>300</height>
		<depth>3</depth>
	</size>
	<segmented>0</segmented>
	<object>
		<name>1_Cumulonimbus</name>
		<pose>Unspecified</pose>
		<truncated>0</truncated>
		<difficult>0</difficult>
		<bndbox>
			<xmin>37</xmin>
			<ymin>67</ymin>
			<xmax>263</xmax>
			<ymax>177</ymax>
		</bndbox>
	</object>
	<object>
		<name>2_Congestus</name>
		<pose>Unspecified</pose>
		<truncated>0</truncated>
		<difficult>0</difficult>
		<bndbox>
			<xmin>77</xmin>
			<ymin>109</ymin>
			<xmax>269</xmax>
			<ymax>191</ymax>
		</bndbox>
	</object>
</annotation>
