<annotation>
	<folder>fig</folder>
	<filename>pic02180.jpg</filename>
	<path>/root/userspace/STUDY/ssd_keras2/train/fig/pic02180.jpg</path>
	<source>
		<database>Unknown</database>
	</source>
	<size>
		<width>300</width>
		<height>300</height>
		<depth>3</depth>
	</size>
	<segmented>0</segmented>
	<object>
		<name>2_Congestus</name>
		<pose>Unspecified</pose>
		<truncated>0</truncated>
		<difficult>0</difficult>
		<bndbox>
			<xmin>143</xmin>
			<ymin>54</ymin>
			<xmax>279</xmax>
			<ymax>216</ymax>
		</bndbox>
	</object>
	<object>
		<name>1_Cumulonimbus</name>
		<pose>Unspecified</pose>
		<truncated>1</truncated>
		<difficult>0</difficult>
		<bndbox>
			<xmin>1</xmin>
			<ymin>43</ymin>
			<xmax>98</xmax>
			<ymax>208</ymax>
		</bndbox>
	</object>
</annotation>
