<annotation>
	<folder>fig</folder>
	<filename>pic02680.jpg</filename>
	<path>/root/userspace/STUDY/ssd_keras2/train/fig/pic02680.jpg</path>
	<source>
		<database>Unknown</database>
	</source>
	<size>
		<width>300</width>
		<height>300</height>
		<depth>3</depth>
	</size>
	<segmented>0</segmented>
	<object>
		<name>2_Congestus</name>
		<pose>Unspecified</pose>
		<truncated>0</truncated>
		<difficult>0</difficult>
		<bndbox>
			<xmin>90</xmin>
			<ymin>47</ymin>
			<xmax>297</xmax>
			<ymax>196</ymax>
		</bndbox>
	</object>
</annotation>
