<annotation>
	<folder>fig</folder>
	<filename>pic02270.jpg</filename>
	<path>/root/userspace/STUDY/ssd_keras2/train/fig/pic02270.jpg</path>
	<source>
		<database>Unknown</database>
	</source>
	<size>
		<width>300</width>
		<height>300</height>
		<depth>3</depth>
	</size>
	<segmented>0</segmented>
	<object>
		<name>2_Congestus</name>
		<pose>Unspecified</pose>
		<truncated>0</truncated>
		<difficult>0</difficult>
		<bndbox>
			<xmin>71</xmin>
			<ymin>101</ymin>
			<xmax>272</xmax>
			<ymax>224</ymax>
		</bndbox>
	</object>
	<object>
		<name>2_Congestus</name>
		<pose>Unspecified</pose>
		<truncated>0</truncated>
		<difficult>0</difficult>
		<bndbox>
			<xmin>31</xmin>
			<ymin>151</ymin>
			<xmax>68</xmax>
			<ymax>196</ymax>
		</bndbox>
	</object>
</annotation>
