<annotation>
	<folder>fig</folder>
	<filename>pic00100.jpg</filename>
	<path>/root/userspace/STUDY/ssd_keras2/train/fig/pic00100.jpg</path>
	<source>
		<database>Unknown</database>
	</source>
	<size>
		<width>300</width>
		<height>300</height>
		<depth>3</depth>
	</size>
	<segmented>0</segmented>
	<object>
		<name>2_Congestus</name>
		<pose>Unspecified</pose>
		<truncated>1</truncated>
		<difficult>0</difficult>
		<bndbox>
			<xmin>117</xmin>
			<ymin>32</ymin>
			<xmax>300</xmax>
			<ymax>241</ymax>
		</bndbox>
	</object>
	<object>
		<name>2_Congestus</name>
		<pose>Unspecified</pose>
		<truncated>0</truncated>
		<difficult>0</difficult>
		<bndbox>
			<xmin>7</xmin>
			<ymin>77</ymin>
			<xmax>117</xmax>
			<ymax>226</ymax>
		</bndbox>
	</object>
</annotation>
