<annotation>
	<folder>fig</folder>
	<filename>pic00930.jpg</filename>
	<path>/root/userspace/STUDY/ssd_keras2/train/fig/pic00930.jpg</path>
	<source>
		<database>Unknown</database>
	</source>
	<size>
		<width>300</width>
		<height>300</height>
		<depth>3</depth>
	</size>
	<segmented>0</segmented>
	<object>
		<name>2_Congestus</name>
		<pose>Unspecified</pose>
		<truncated>0</truncated>
		<difficult>0</difficult>
		<bndbox>
			<xmin>50</xmin>
			<ymin>117</ymin>
			<xmax>171</xmax>
			<ymax>184</ymax>
		</bndbox>
	</object>
	<object>
		<name>2_Congestus</name>
		<pose>Unspecified</pose>
		<truncated>0</truncated>
		<difficult>0</difficult>
		<bndbox>
			<xmin>161</xmin>
			<ymin>120</ymin>
			<xmax>243</xmax>
			<ymax>187</ymax>
		</bndbox>
	</object>
</annotation>
