<annotation>
	<folder>fig</folder>
	<filename>pic02300.jpg</filename>
	<path>/root/userspace/STUDY/ssd_keras2/train/fig/pic02300.jpg</path>
	<source>
		<database>Unknown</database>
	</source>
	<size>
		<width>300</width>
		<height>300</height>
		<depth>3</depth>
	</size>
	<segmented>0</segmented>
	<object>
		<name>2_Congestus</name>
		<pose>Unspecified</pose>
		<truncated>0</truncated>
		<difficult>0</difficult>
		<bndbox>
			<xmin>25</xmin>
			<ymin>31</ymin>
			<xmax>217</xmax>
			<ymax>265</ymax>
		</bndbox>
	</object>
</annotation>
