<annotation>
	<folder>fig</folder>
	<filename>pic00890.jpg</filename>
	<path>/root/userspace/STUDY/ssd_keras2/train/fig/pic00890.jpg</path>
	<source>
		<database>Unknown</database>
	</source>
	<size>
		<width>300</width>
		<height>300</height>
		<depth>3</depth>
	</size>
	<segmented>0</segmented>
	<object>
		<name>2_Congestus</name>
		<pose>Unspecified</pose>
		<truncated>1</truncated>
		<difficult>0</difficult>
		<bndbox>
			<xmin>202</xmin>
			<ymin>160</ymin>
			<xmax>300</xmax>
			<ymax>231</ymax>
		</bndbox>
	</object>
	<object>
		<name>2_Congestus</name>
		<pose>Unspecified</pose>
		<truncated>0</truncated>
		<difficult>0</difficult>
		<bndbox>
			<xmin>64</xmin>
			<ymin>173</ymin>
			<xmax>201</xmax>
			<ymax>236</ymax>
		</bndbox>
	</object>
</annotation>
