<annotation>
	<folder>fig</folder>
	<filename>pic02480.jpg</filename>
	<path>/root/userspace/STUDY/ssd_keras2/train/fig/pic02480.jpg</path>
	<source>
		<database>Unknown</database>
	</source>
	<size>
		<width>300</width>
		<height>300</height>
		<depth>3</depth>
	</size>
	<segmented>0</segmented>
	<object>
		<name>2_Congestus</name>
		<pose>Unspecified</pose>
		<truncated>0</truncated>
		<difficult>0</difficult>
		<bndbox>
			<xmin>19</xmin>
			<ymin>35</ymin>
			<xmax>191</xmax>
			<ymax>192</ymax>
		</bndbox>
	</object>
	<object>
		<name>2_Congestus</name>
		<pose>Unspecified</pose>
		<truncated>0</truncated>
		<difficult>0</difficult>
		<bndbox>
			<xmin>174</xmin>
			<ymin>91</ymin>
			<xmax>231</xmax>
			<ymax>193</ymax>
		</bndbox>
	</object>
</annotation>
