<annotation>
	<folder>fig</folder>
	<filename>pic02470.jpg</filename>
	<path>/root/userspace/STUDY/ssd_keras2/train/fig/pic02470.jpg</path>
	<source>
		<database>Unknown</database>
	</source>
	<size>
		<width>300</width>
		<height>300</height>
		<depth>3</depth>
	</size>
	<segmented>0</segmented>
	<object>
		<name>2_Congestus</name>
		<pose>Unspecified</pose>
		<truncated>0</truncated>
		<difficult>0</difficult>
		<bndbox>
			<xmin>2</xmin>
			<ymin>13</ymin>
			<xmax>282</xmax>
			<ymax>290</ymax>
		</bndbox>
	</object>
</annotation>
