<annotation>
	<folder>fig</folder>
	<filename>pic00060.jpg</filename>
	<path>/root/userspace/STUDY/ssd_keras2/train/fig/pic00060.jpg</path>
	<source>
		<database>Unknown</database>
	</source>
	<size>
		<width>300</width>
		<height>300</height>
		<depth>3</depth>
	</size>
	<segmented>0</segmented>
	<object>
		<name>1_Cumulonimbus</name>
		<pose>Unspecified</pose>
		<truncated>1</truncated>
		<difficult>0</difficult>
		<bndbox>
			<xmin>1</xmin>
			<ymin>1</ymin>
			<xmax>218</xmax>
			<ymax>226</ymax>
		</bndbox>
	</object>
	<object>
		<name>2_Congestus</name>
		<pose>Unspecified</pose>
		<truncated>0</truncated>
		<difficult>0</difficult>
		<bndbox>
			<xmin>122</xmin>
			<ymin>84</ymin>
			<xmax>256</xmax>
			<ymax>246</ymax>
		</bndbox>
	</object>
	<object>
		<name>2_Congestus</name>
		<pose>Unspecified</pose>
		<truncated>1</truncated>
		<difficult>0</difficult>
		<bndbox>
			<xmin>1</xmin>
			<ymin>243</ymin>
			<xmax>85</xmax>
			<ymax>273</ymax>
		</bndbox>
	</object>
</annotation>
