<annotation>
	<folder>fig</folder>
	<filename>pic00910.jpg</filename>
	<path>/root/userspace/STUDY/ssd_keras2/train/fig/pic00910.jpg</path>
	<source>
		<database>Unknown</database>
	</source>
	<size>
		<width>300</width>
		<height>300</height>
		<depth>3</depth>
	</size>
	<segmented>0</segmented>
	<object>
		<name>2_Congestus</name>
		<pose>Unspecified</pose>
		<truncated>1</truncated>
		<difficult>0</difficult>
		<bndbox>
			<xmin>164</xmin>
			<ymin>112</ymin>
			<xmax>300</xmax>
			<ymax>236</ymax>
		</bndbox>
	</object>
	<object>
		<name>2_Congestus</name>
		<pose>Unspecified</pose>
		<truncated>0</truncated>
		<difficult>0</difficult>
		<bndbox>
			<xmin>77</xmin>
			<ymin>166</ymin>
			<xmax>164</xmax>
			<ymax>249</ymax>
		</bndbox>
	</object>
</annotation>
