<annotation>
	<folder>fig</folder>
	<filename>pic02760.jpg</filename>
	<path>/root/userspace/STUDY/ssd_keras2/train/fig/pic02760.jpg</path>
	<source>
		<database>Unknown</database>
	</source>
	<size>
		<width>300</width>
		<height>300</height>
		<depth>3</depth>
	</size>
	<segmented>0</segmented>
	<object>
		<name>1_Cumulonimbus</name>
		<pose>Unspecified</pose>
		<truncated>0</truncated>
		<difficult>0</difficult>
		<bndbox>
			<xmin>10</xmin>
			<ymin>89</ymin>
			<xmax>284</xmax>
			<ymax>259</ymax>
		</bndbox>
	</object>
	<object>
		<name>2_Congestus</name>
		<pose>Unspecified</pose>
		<truncated>0</truncated>
		<difficult>0</difficult>
		<bndbox>
			<xmin>82</xmin>
			<ymin>117</ymin>
			<xmax>259</xmax>
			<ymax>246</ymax>
		</bndbox>
	</object>
</annotation>
